{
  "overall": 0.8208092485549133,
  "per_class": [
    0.8617886178861789,
    0.904,
    0.8865248226950354,
    0.6
  ]
}