{
  "overall": 0.8362235067437379,
  "per_class": [
    0.9421487603305785,
    1.0,
    0.7076923076923077,
    0.631578947368421
  ]
}