{
  "overall": 0.7996146435452793,
  "per_class": [
    0.8832116788321168,
    0.7734375,
    0.8135593220338984,
    0.6617647058823529
  ]
}