{
  "overall": 0.7552986512524085,
  "per_class": [
    0.8455284552845529,
    0.8759124087591241,
    0.7286821705426356,
    0.5461538461538461
  ]
}