{
  "overall": 0.8362235067437379,
  "per_class": [
    1.0,
    0.9259259259259259,
    0.7560975609756098,
    0.5037593984962406
  ]
}