{
  "overall": 0.8882466281310212,
  "per_class": [
    0.8617886178861789,
    0.828125,
    0.8623188405797102,
    1.0
  ]
}