{
  "overall": 0.7784200385356455,
  "per_class": [
    0.825,
    0.9243697478991597,
    0.6834532374100719,
    0.5815602836879432
  ]
}