{
  "overall": 0.8747591522157996,
  "per_class": [
    0.9338842975206612,
    0.8482758620689655,
    1.0,
    0.5984251968503937
  ]
}