{
  "overall": 0.7456647398843931,
  "per_class": [
    0.875,
    0.8306451612903226,
    0.7364341085271318,
    0.4230769230769231
  ]
}