{
  "overall": 0.8020565552699229,
  "per_class": [
    0.92,
    0,
    0.8848920863309353,
    0.472
  ]
}