{
  "overall": 0.7268722466960352,
  "per_class": [
    0.6290322580645161,
    0.8739495798319328,
    0.7428571428571429,
    0.6090225563909775
  ]
}