{
  "overall": 0.7609254498714653,
  "per_class": [
    0,
    0.9071428571428571,
    0.808695652173913,
    0.31343283582089554
  ]
}