{
  "overall": 0.7687224669603524,
  "per_class": [
    0.9481481481481482,
    0.8823529411764706,
    0.5063291139240507,
    0.4423076923076923
  ]
}