{
  "overall": 0.7892030848329049,
  "per_class": [
    0.8842975206611571,
    0.9152542372881356,
    0,
    0.52
  ]
}