{
  "overall": 0.762114537444934,
  "per_class": [
    0.8646616541353384,
    0.8625954198473282,
    0.646551724137931,
    0.2972972972972973
  ]
}