{
  "overall": 0.8611825192802056,
  "per_class": [
    0.8888888888888888,
    0.853448275862069,
    0.6976744186046512,
    0
  ]
}