{
  "overall": 0.7268722466960352,
  "per_class": [
    0.8306451612903226,
    0.8695652173913043,
    0.7448275862068966,
    0.4482758620689655
  ]
}